subject_id,session_id,window_start,window_end,eeg_AF3_mean,eeg_AF3_std,eeg_AF3_min,eeg_AF3_max,eeg_AF3_median,eeg_AF3_iqr,eeg_AF3_slope,eeg_AF3_energy,eeg_AF3_theta_power,eeg_AF3_alpha_power,eeg_AF3_beta_power,eeg_AF3_gamma_power,eeg_C3_mean,eeg_C3_std,eeg_C3_min,eeg_C3_max,eeg_C3_median,eeg_C3_iqr,eeg_C3_slope,eeg_C3_energy,eeg_C3_theta_power,eeg_C3_alpha_power,eeg_C3_beta_power,eeg_C3_gamma_power,eeg_F3_mean,eeg_F3_std,eeg_F3_min,eeg_F3_max,eeg_F3_median,eeg_F3_iqr,eeg_F3_slope,eeg_F3_energy,eeg_F3_theta_power,eeg_F3_alpha_power,eeg_F3_beta_power,eeg_F3_gamma_power,eeg_F7_mean,eeg_F7_std,eeg_F7_min,eeg_F7_max,eeg_F7_median,eeg_F7_iqr,eeg_F7_slope,eeg_F7_energy,eeg_F7_theta_power,eeg_F7_alpha_power,eeg_F7_beta_power,eeg_F7_gamma_power,eeg_FC1_mean,eeg_FC1_std,eeg_FC1_min,eeg_FC1_max,eeg_FC1_median,eeg_FC1_iqr,eeg_FC1_slope,eeg_FC1_energy,eeg_FC1_theta_power,eeg_FC1_alpha_power,eeg_FC1_beta_power,eeg_FC1_gamma_power,eeg_FC5_mean,eeg_FC5_std,eeg_FC5_min,eeg_FC5_max,eeg_FC5_median,eeg_FC5_iqr,eeg_FC5_slope,eeg_FC5_energy,eeg_FC5_theta_power,eeg_FC5_alpha_power,eeg_FC5_beta_power,eeg_FC5_gamma_power,eeg_Fp1_mean,eeg_Fp1_std,eeg_Fp1_min,eeg_Fp1_max,eeg_Fp1_median,eeg_Fp1_iqr,eeg_Fp1_slope,eeg_Fp1_energy,eeg_Fp1_theta_power,eeg_Fp1_alpha_power,eeg_Fp1_beta_power,eeg_Fp1_gamma_power,eeg_T7_mean,eeg_T7_std,eeg_T7_min,eeg_T7_max,eeg_T7_median,eeg_T7_iqr,eeg_T7_slope,eeg_T7_energy,eeg_T7_theta_power,eeg_T7_alpha_power,eeg_T7_beta_power,eeg_T7_gamma_power,physiology_eda_mean,physiology_eda_std,physiology_eda_min,physiology_eda_max,physiology_eda_median,physiology_eda_iqr,physiology_eda_slope,physiology_eda_energy,physiology_emg_mean,physiology_emg_std,physiology_emg_min,physiology_emg_max,physiology_emg_median,physiology_emg_iqr,physiology_emg_slope,physiology_emg_energy,physiology_respiration_mean,physiology_respiration_std,physiology_respiration_min,physiology_respiration_max,physiology_respiration_median,physiology_respiration_iqr,physiology_respiration_slope,physiology_respiration_energy,physiology_temperature_mean,physiology_temperature_std,physiology_temperature_min,physiology_temperature_max,physiology_temperature_median,physiology_temperature_iqr,physiology_temperature_slope,physiology_temperature_energy,target
DEAP_S01,deap_trial_00,2026-06-01 09:00:00+00:00,2026-06-01 09:00:30+00:00,6.967132821235165,1.1872535547587317,3.381659084923393,10.482021362650503,6.947423721427655,1.6869827233606722,-2.2320177363861933e-05,49.9505107520195,0.1706009961882991,0.8461910195777949,0.13045511382455052,0.0,7.018331894670772,1.1495476789405568,3.976090411543079,10.200320675264734,7.042663155786527,1.6940982608707058,4.789040896607495e-05,50.57844244991065,0.17532292007595301,0.7291414533793611,0.1568884297952721,0.0,7.045931099966767,1.123790513906931,4.083163303170541,10.214980787630596,7.030126465765545,1.535356842312022,-2.35851351765329e-05,50.908050184626106,0.16794738743765883,0.6982424488647226,0.15416125121274676,0.0,7.049056934089971,1.0876435286537618,3.3418476097444896,10.174439590853304,7.093287177980358,1.5118490543249932,0.00011911453035518457,50.872172105464294,0.15677825584323343,0.6529975863931575,0.13324101353912549,0.0,6.984487842603586,1.1356118230925456,4.003383716793463,10.159117061615893,6.977175062221596,1.6478968221122727,3.154589127978304e-05,50.07268463622487,0.15703044856911902,0.7121180697058436,0.14644376314453117,0.0,6.984114819946656,1.1270461424471376,3.8351853785116448,10.36374596643238,6.965582217641491,1.5027567989212391,2.2320350361557647e-06,50.0480928254035,0.18697824579118427,0.6477633677392205,0.12910661205100565,0.0,7.012373485358635,1.1287650992251193,3.8417366356519733,10.81628131971814,7.033780801758011,1.5693248745836899,0.0002941683579726328,50.447492547389515,0.16723427672340585,0.6740583037326745,0.16396501807572855,0.0,6.942143652891719,1.1354373054328166,3.1735107115368435,10.815317104777433,6.97477071299998,1.5869965222344566,2.3583398300045057e-05,49.482576371953314,0.15784984119789247,0.7009303676526996,0.1495801283431787,0.0,0.9984884820844084,0.08127156584341026,0.7529371425313889,1.2151821763971047,0.9986357827523749,0.107659562738603,-6.151005995818678e-06,1.0035843162698659,0.4000263616601159,0.07954163170301021,0.17182902589208682,0.6245524394426036,0.39798331982896984,0.1083469681760687,-2.3614949929975907e-06,0.1663479611970072,0.04259896536561195,0.20625245146021795,-0.42044936195011456,0.3888695793279012,0.07725939750517052,0.37714221977873386,-0.0001232529327102519,0.04435474558357018,32.99750416476281,0.047224321243761316,32.84863280719426,33.12012573289441,32.99900062561359,0.06668772940548706,1.6070117803073446e-06,1088.8375112400558,low_arousal
DEAP_S01,deap_trial_01,2026-06-01 09:02:00+00:00,2026-06-01 09:02:30+00:00,6.976571946097544,1.6933775373562776,2.165261447053001,11.74510173301739,6.93381022012042,2.101844908851323,7.791257311382453e-05,51.54008360309808,0.19291951673734758,0.6877262989726823,1.6860638873962883,0.0,6.981143561064914,1.7204566004125865,3.2040991900936797,12.49739481774338,6.984872613859604,2.763074002304414,-5.270250479321667e-05,51.69633633410135,0.17521038414355933,0.6981618821624896,1.821166515310869,0.0,7.0120576409299495,1.7107677174084357,2.3374475309205005,12.10087925474644,7.014948463295008,2.3665222977538143,-9.724676308093641e-05,52.09567854265096,0.17965293990969794,0.6648083632658489,1.8553854245649415,0.0,7.012920458273876,1.6737709662298057,2.780629513955741,11.74262334062821,6.99871806372577,2.3941305255430914,0.00014283769871728454,51.982562601470114,0.18645118230904165,0.6903210990249471,1.7378407531679396,0.0,7.004644853604998,1.6950901976210921,2.880095665815675,11.47710245024468,6.976971234361644,2.698100845989842,4.0396477476094244e-05,51.938380303206095,0.17625735312631893,0.6902824132368222,1.71961627387724,0.0,6.980662437688974,1.713020855115564,1.9058065626371663,11.55786318170561,6.972084318850064,2.6962867399639308,8.068891627677244e-05,51.66408851902263,0.17401148431552832,0.7525769241060988,1.7211829360242614,0.0,7.012205451186881,1.7128908970918113,2.2240877923030578,11.975426171630556,7.002560230405558,2.191976335541053,0.0001453446205208118,52.10502051499501,0.21008888578294882,0.7617769179214393,1.700283976056161,0.0,6.98230875963812,1.7069909044641556,2.6207889949487493,12.104143527689219,6.978568854863436,2.7838554544868837,-0.000104076158450952,51.666453562842584,0.15763377530401684,0.7858769704950748,1.763249894153208,0.0,1.7962633943922361,0.07904514742796537,1.5523300995602964,2.057818672550613,1.79483972662667,0.10549637825395908,-1.1570506676283553e-05,3.2328103173654257,0.7961260108028352,0.08132999234417702,0.5292629361457993,1.0807862546742677,0.800412147775232,0.10895905745016066,6.041396756360802e-07,0.64043119273154,0.244300745727385,0.20811896369414648,-0.19708175452266805,0.6027386610932045,0.282281264496816,0.38937832620331525,-0.0001202129464605149,0.10299635741208188,33.19915219990021,0.04861134985713399,33.05715195074652,33.40483341635125,33.198720926319396,0.06513817822185786,1.2655185778276773e-06,1102.1860698554738,high_arousal
DEAP_S01,deap_trial_02,2026-06-01 09:04:00+00:00,2026-06-01 09:04:30+00:00,6.935734534847923,1.1796682405183592,3.18231606320576,10.317809717593256,6.949750814083172,1.5461438674068786,0.00013335957960311314,49.49603069556982,0.18322413397983087,0.7755337249010286,0.15607371424577912,0.0,7.015980810401419,1.1263836730446173,3.7325420029939362,10.453939498806855,7.029295360038777,1.502956416711445,5.3158179224205404e-05,50.492726910822434,0.17459157018863342,0.6942341831297113,0.12312570742909903,0.0,7.037862414910137,1.0817060261636828,4.069933913032433,9.94985181172414,7.039177126614344,1.4885503953142178,-0.00014818607298758686,50.701595298243575,0.18607864839729465,0.6214282921123044,0.11979346115021969,0.0,7.007006633431123,1.1757642326648494,3.6705403247918653,10.163875722954623,7.074862491576173,1.6369875846500044,-3.915815022099485e-05,50.48056349176173,0.2240678366348628,0.7758077505379835,0.13613474827046207,0.0,7.000056505724072,1.1400172002109128,3.634112812979216,10.219270247760981,6.968157171727668,1.5524119050648757,2.3595381386740115e-05,50.30043030010664,0.19553568576237296,0.7100684668286916,0.15058917290173104,0.0,7.013825689434996,1.1666698316313802,3.743117572567922,10.264269569363089,7.018776943341784,1.5742133789235604,-6.423263942532755e-05,50.554869297817085,0.16823277866097558,0.7562785301085937,0.15634584273913654,0.0,6.998571766007056,1.1513396363432697,3.3758011102410688,10.858627812265803,7.037755994909665,1.5688245616105565,0.00020531053089817422,50.30558972216617,0.21037151216516417,0.678946456149073,0.16382510059381925,0.0,6.976903693719462,1.1814905376210498,3.9512587751403005,10.309289062437646,6.9553825549792005,1.6627761567312458,-7.691038383274949e-05,50.07310504192436,0.19690166128067446,0.7996030280018763,0.14638664518025946,0.0,1.000540975021873,0.07861993404206691,0.7443741832819496,1.2173389871723415,0.9999302302155779,0.10293693666524906,-1.544051818080389e-05,1.0072633367264994,0.39700975884157186,0.08105034233457532,0.12243283830723867,0.648244807183162,0.3945742204176199,0.10880069549877053,-1.2357152519874094e-05,0.16418590660799495,0.041621949713495796,0.20718468537234896,-0.3941963143378305,0.40193821034357635,0.0691786780815235,0.38730527596960257,-0.00012309865515538148,0.044657880550792,32.99962784005628,0.04821881519301705,32.84551474545431,33.16214667452586,32.996515343738125,0.06357804888694574,8.949115535205223e-06,1088.9777626363561,low_arousal
DEAP_S01,deap_trial_03,2026-06-01 09:06:00+00:00,2026-06-01 09:06:30+00:00,6.981887566143896,1.6841461019824122,2.0077024508538175,12.607495284621484,6.936128177627813,2.124980458093704,-0.00012233937200017717,51.58310207909729,0.19459452983840353,0.6597900206675202,1.7728692728528608,0.0,6.965285123055795,1.7455139584367778,2.687629145053713,12.291134546359197,6.976858821372931,2.7624559569067877,0.00012546173139145892,51.56201582456,0.18901453557493453,0.8290961402836292,1.7668464107678636,0.0,7.000874679120287,1.7150641783086373,2.5386947891207314,11.739643022228975,7.050528595549243,2.3236536411072155,4.2084980165522925e-07,51.953691408465055,0.17892909812911686,0.702917920144852,1.823667587301278,0.0,7.045012103519565,1.7018914208192675,1.8379467377107384,11.739250099595694,7.028037775113633,2.394245414224505,8.278695360977412e-05,52.528629946995395,0.21269908420240846,0.7792376280715672,1.6394102437005236,0.0,7.027426308643555,1.7103683387858595,3.0716464606817264,11.506721213607022,7.068240456684243,2.7453806281016915,0.000187264344124871,52.310080377736675,0.17002648153974578,0.7236530094123844,1.8112151309744033,0.0,7.048936290786859,1.7296532179255844,2.5789466286406295,12.44869582639005,7.047566076791716,2.5639031952024354,-0.00015058429944990676,52.67920308585234,0.19380271059176155,0.8347946497977627,1.642624682096948,0.0,6.981345504091779,1.748994013093729,1.8501522918312774,12.087889264573757,6.941465596060494,2.336214656775226,6.737927785456017e-05,51.798165105340196,0.18827389686257612,0.7685192174846136,1.8555842312655337,0.0,7.009415434572773,1.7031236580298805,2.243453869732344,11.509386612512476,7.008308503932788,2.7490156110269055,-4.3749786566418136e-05,52.0325349289681,0.16467571106272036,0.7349995180245171,1.7293288168981917,0.0,1.7993254279016113,0.07866950913955532,1.540321406635126,2.011987405146438,1.800473816798294,0.10818980841332215,-2.1630571106537832e-05,3.2437608871615757,0.8024343632767412,0.07770737128834579,0.5664549467099871,1.0397595053337894,0.8038299357754093,0.09854455800360096,6.653770471556825e-06,0.6499393429198936,0.2419062942813804,0.20904918001176667,-0.18395992744617967,0.5983998544083887,0.27566477108967535,0.3856043746074152,-0.00012042407667661032,0.10222021487654184,33.20104497078576,0.049149071149853917,33.026973290386394,33.35182126364138,33.19967932906796,0.06690267171067887,-1.0873993068712861e-05,1102.311802783333,high_arousal
DEAP_S01,deap_trial_04,2026-06-01 09:08:00+00:00,2026-06-01 09:08:30+00:00,7.005135727192592,1.1531362205091356,3.1690044270784354,10.330483222390555,7.056303151942503,1.591939591191112,-1.314924993343768e-05,50.401649699440185,0.16733144698594632,0.7552975445293353,0.15264787032728444,0.0,7.006316531171164,1.1059609233274874,4.12639212923695,10.05570791331281,6.995813793304037,1.5840080038158861,0.0001965500721548692,50.311620898889714,0.16870385228497278,0.6615623955811413,0.167831593842992,0.0,7.021734947728367,1.1605299576281087,3.619090147868112,10.645239600156817,7.037064970868531,1.5957708153441246,7.097044684522083e-06,50.65159145870221,0.1982783284366198,0.7708869103414322,0.13505275379054918,0.0,7.049742386046595,1.150416751037606,3.737251404260262,10.517754046917553,7.093204562116085,1.5350472286642693,6.364371340584139e-05,51.022326410689864,0.17608682859057603,0.712622950291798,0.13471142374083525,0.0,6.956166276446657,1.1165732940707038,3.4416530184803924,10.384704782627429,6.959553260802417,1.5752406508611028,5.2736183475715426e-05,49.634985186605654,0.15449402430824438,0.6804854963686476,0.13554912175448394,0.0,6.925721863298362,1.0944445096825204,3.850406503526271,9.891469076445702,6.946733764595822,1.5146357060817977,3.510130271439676e-05,49.16343211254314,0.17458063886046238,0.6512893948893915,0.12643903142178162,0.0,6.917331392876366,1.130402312752461,3.0911088344787814,9.956455627511431,6.891233231745218,1.5148881656978794,-9.917384316420196e-05,49.12728298754901,0.16922984609896569,0.7144171035582673,0.1506079858732078,0.0,7.0077931420685555,1.147911649249299,3.4622665736640355,10.95144677388251,6.961360500387354,1.6662697063637353,-2.5697885474702006e-05,50.426865876505325,0.17686356725242938,0.7205173096156402,0.1600361489975049,0.0,0.9994984270927122,0.08273484782251603,0.7596894870476449,1.2573655411289053,0.9984174135208488,0.11051573603428833,-1.634420170512152e-06,1.0058421608050205,0.3951083272092406,0.07935410858409456,0.11948587704318886,0.6619287285516549,0.395891138069405,0.1040134926816681,8.004650106278575e-06,0.16240766477926058,0.043807579791013906,0.20814519320548056,-0.4111138907989612,0.41386286174529097,0.07076343523397591,0.37630252164713246,-0.00011857645715531095,0.045243525501692874,33.000712354848645,0.04992298387960493,32.856850897546394,33.13739573893596,33.001059619243634,0.06876510792159252,-3.945640388845475e-06,1089.0495082317796,low_arousal
DEAP_S01,deap_trial_05,2026-06-01 09:10:00+00:00,2026-06-01 09:10:30+00:00,7.031469438181281,1.7179807053956249,2.3463263283921614,11.960091755907968,7.018324836681916,2.200147882261188,3.292282796891235e-05,52.393020164189025,0.16015784859218232,0.6730074726589967,1.8311661724202106,0.0,6.997153647847404,1.7152360648680158,2.7391606099316017,11.662458745995211,7.026230190647096,2.674617638972399,-0.00018084360359982792,51.90219392980816,0.16313516864862695,0.7883595098306817,1.693374741530928,0.0,7.00871800251402,1.6684111787356843,2.6092321860570653,11.969636431634333,6.987531402883329,2.2738259731695383,4.688513978586296e-05,51.90572390009431,0.18624325381689133,0.7155386712353555,1.6671875198873634,0.0,6.9907492769754676,1.7533736663811565,1.5586768551542471,11.612868311495077,7.014861236736286,2.5477066662520187,-7.818820761347702e-05,51.94489466749192,0.17498823684043158,0.7981913385287679,1.854783600123377,0.0,6.994453113409052,1.7204958906682046,2.637827650751785,11.068890890567058,6.972708164068495,2.7796750503599617,2.8546418454177387e-05,51.882480465483766,0.1834850090700558,0.6873991916611201,1.8062578748190579,0.0,7.039982728641573,1.6808053403911425,2.828116287723775,11.69904452722697,7.097811001962109,2.6105081843434403,-5.6761141040465474e-05,52.386463411859026,0.15413733457541404,0.7369844428550528,1.698445179096447,0.0,7.018678879325093,1.7230368085522583,1.9512622329934892,11.866076010349484,7.030552525292149,2.2214100680661826,3.898670642770506e-05,52.23070905471009,0.18910368928930174,0.7597310140954114,1.7461658786732377,0.0,7.049544380863957,1.7395774556037193,2.792749358852776,11.444733837489954,7.083588938406676,2.719961643833935,-6.5092267549052255e-06,52.722205701815284,0.17570565861283433,0.8007234634519934,1.816671099821339,0.0,1.8017671753998907,0.07938606756378924,1.5794441750570103,2.047566590480962,1.8013691556558236,0.103687066172512,-2.2853681583641107e-06,3.252667102071743,0.8014110775441452,0.0813148996467058,0.5694153977674364,1.089337302088504,0.8035796438160216,0.11054698133213658,1.088912123994876e-07,0.648871828115022,0.24284320228644088,0.20830196632091574,-0.1900102722387731,0.6127025567373622,0.2786598780130113,0.37941084588948615,-0.00011324599068586458,0.10236253006989315,33.199692995215734,0.0507225159948652,33.0579817421148,33.353481236296325,33.1988210890225,0.06948344498704273,-3.2038499367093254e-07,1102.2221877502059,high_arousal
DEAP_S02,deap_trial_00,2026-06-02 09:00:00+00:00,2026-06-02 09:00:30+00:00,7.030882046568091,1.7258907219642454,2.3277552929108714,11.761107933666676,6.989108487323864,2.332065837969429,-6.846608790010734e-05,52.41200113691575,0.15334633262165315,0.6599640814490024,1.909909159509006,0.0,6.980357757658329,1.7321604751212372,2.9594283753652637,11.99909869493868,6.975868108807838,2.889875460143779,0.0001904023368581355,51.72577433647305,0.19781858314049283,0.8750852123346468,1.720117039640374,0.0,7.002566739556171,1.726732947757192,2.7070180429891804,11.723699777193632,7.021317313085847,2.331341563440292,8.539868681956014e-05,52.017547614808585,0.17921413446710027,0.7201005015057924,1.795607425874136,0.0,7.022274394769296,1.6754279190080459,2.6073594436803305,11.933343367119447,7.031228952195248,2.365687840897217,-9.768806054869708e-05,52.11939638722411,0.17884333397410426,0.6976215574825615,1.6234539517105537,0.0,7.043558144418761,1.7071530440588516,2.193390412481361,11.3802446323931,7.070118378846862,2.7492050258288243,9.964973947466684e-05,52.52608284964727,0.19420424758140323,0.6515393735594087,1.8124818656492063,0.0,7.026107112498793,1.7454511681572664,2.0559217262409093,11.550455285761403,7.057335696179312,2.5825282231279507,-9.207026304026816e-05,52.41278093672769,0.16283531296334383,0.7809051422366914,1.7992722128903769,0.0,7.015034072739235,1.7183682870827561,1.9518617626805632,12.433122356345821,7.0347197361765,2.2134305308469635,-2.4139182980531084e-05,52.16349261174414,0.18169811807241137,0.7349001583406348,1.8139012308536715,0.0,6.9592224895335,1.7330253524439099,2.2555277932203115,11.655042854700525,6.913709932772749,2.71683433800768,6.415299589271719e-05,51.43415453104219,0.17258882203125056,0.813493322291075,1.8025681777582327,0.0,1.8036670119706888,0.07821972209799462,1.56773980672167,2.0475301587540207,1.8019102303526306,0.10376092731123365,1.1458737578743334e-05,3.2593330149963595,0.8027483724254192,0.07990142882849074,0.5201030868839528,1.073478401020611,0.8042066999152919,0.10645151387093543,7.97451435766964e-06,0.6507891877604937,0.24157651055791218,0.20571330624330122,-0.19507872168945717,0.6149713775892836,0.2755836694003345,0.3714452691382268,-0.00012097418496847673,0.10067717481888729,33.20066642131925,0.050644152084379286,33.01470088115432,33.3782600037806,33.20156692484278,0.06670994389666163,4.844120568716532e-07,1102.286815649856,high_arousal
DEAP_S02,deap_trial_01,2026-06-02 09:02:00+00:00,2026-06-02 09:02:30+00:00,6.990962497742743,1.1404284085245948,4.282797398289018,10.70182452858413,6.999178296422036,1.6193812563252337,3.808214453188218e-05,50.17413359981539,0.16650350745516976,0.7432896765994427,0.1315609776139355,0.0,6.968855959255696,1.1515693202310417,3.581506647394866,10.501489028499225,7.016270100193609,1.56114177046428,-7.224071533309312e-05,49.89106528015101,0.202019717318918,0.7617738810257196,0.12018109667768531,0.0,7.013872242545275,1.137464213447082,3.706866795319631,10.490210921704794,7.020202183250631,1.6656671847703794,0.0001361055565427295,50.488228671619865,0.16948180258205442,0.7284928543255688,0.17362103237163554,0.0,7.015020576381327,1.1208040779403172,3.489386986258152,9.916704175169873,7.029482820517974,1.6408813619893392,-1.7779718757091182e-05,50.46671546818105,0.1787450232068135,0.6577845066675093,0.1333475254320859,0.0,7.0260354182266695,1.1611522161426115,3.42743443588216,10.758812572527429,6.99041340800865,1.6087701580223692,-0.00025769472038374955,50.71344816722852,0.17374041689744654,0.7650091619678044,0.15884136442671043,0.0,7.02626971753748,1.1737610081150947,3.5948850089339395,10.613983751060054,7.045533162871822,1.6534097764503581,4.0585021875164744e-05,50.74618104775558,0.19782751873119178,0.7425997503346322,0.1663603356103278,0.0,7.073533153753902,1.1362326401940415,3.6786423577280205,10.664032066518754,7.015385438208584,1.6039207099510353,-0.000139005111165139,51.325895889897964,0.17504514661254927,0.6804190884337438,0.14631368505329087,0.0,7.0218265506427615,1.1455244111075167,3.561673339894679,11.00781496263474,7.062472152603558,1.5250335593602973,5.560806265426268e-06,50.61827428375485,0.1917562796021801,0.6642590896284013,0.16927567504153568,0.0,0.9991316291198086,0.07649373556497956,0.7386838053952225,1.2412451508933682,0.9979760949738288,0.10510491423353319,-6.651784259897279e-06,1.0041153038882877,0.399801740767979,0.0817217720555495,0.1565614847476043,0.7014517004961405,0.4007139163147444,0.11100441390712629,-1.1585423990799255e-05,0.1665198799490054,0.04347269777725339,0.2075563122517636,-0.37353426355824504,0.39562189412917964,0.07662920217622185,0.37899127977324587,-0.00012068936878900272,0.04496949820758401,32.99958997385832,0.04972773208461349,32.85475317654217,33.15407334210941,32.996562639582464,0.06592833781854779,-6.137232013787193e-06,1088.9754112901092,low_arousal
DEAP_S02,deap_trial_02,2026-06-02 09:04:00+00:00,2026-06-02 09:04:30+00:00,7.030519995427529,1.7294845888733896,2.0301725632641014,12.26827579638109,7.020852103164166,2.32860314937457,-4.831044722134252e-05,52.41932834925686,0.1742612460966892,0.7249556238484658,1.8159347981351195,0.0,7.046586747769125,1.6858141469893173,2.8368813193215514,11.221485308049676,6.974257690471345,2.7507757157630808,-0.00024556267686486375,52.496354132024784,0.16393620244592236,0.7705185074892558,1.6933675908806745,0.0,7.022455931365231,1.666618423711719,2.1850865494049203,11.261108113396315,6.9984748657807145,2.2648125618758623,0.00012580923325388954,52.09250427822205,0.16258178382636146,0.6610836223777077,1.738858244534108,0.0,7.025908245239742,1.6809685186025782,2.52324965461355,11.851833577092226,7.070898191763439,2.3446430857048943,-9.119834849926393e-05,52.18904183106073,0.1812065500791526,0.6620122485752017,1.6475401800390346,0.0,7.016466290913938,1.6912069194005968,2.5794505878755514,11.31884610902652,7.05354469616174,2.8117127599598,3.708966381885348e-05,52.09098005576005,0.15431550861502835,0.7603296438925952,1.7339034636985688,0.0,6.987332881128775,1.7231618306464402,2.8706807693479766,11.394344541464912,7.0109236591912065,2.809415283585593,-0.00013978527495739406,51.792107486300125,0.17213614141875333,0.7201347615513524,1.7837637867791643,0.0,6.973853979593229,1.6776124658332023,1.7562220046182904,11.841569751885856,6.979433154731673,2.1339103125240566,-1.0611753978015793e-05,51.44902291420727,0.17416893467488484,0.7432033420936152,1.6462812845665151,0.0,7.064411650210955,1.7233860016235987,2.361319484532998,11.46720581395645,7.045159831700949,2.731140697452675,1.4287650732931702e-05,52.87597127422844,0.1886727847658028,0.7266997422482363,1.8469730083797948,0.0,1.7980957728846083,0.07759142683555986,1.5145649623818245,2.077363859575794,1.7953150208031774,0.1060524561610956,-1.617643861660882e-07,3.239168837983875,0.8026519682832908,0.07945639865000394,0.5692192645057186,1.019397352088002,0.7999109274904528,0.10925870889316291,-3.516884205358178e-06,0.6505635014754692,0.2427106917314294,0.20871984814711333,-0.18348941270502545,0.5836924783264374,0.2775624910896518,0.3805426494846297,-0.00012554373067997417,0.102472454891303,33.195331022054354,0.0490678149862749,33.03993284408063,33.34468614041441,33.19732686971177,0.06589848593971936,-9.1834599208883e-06,1101.9324093142316,high_arousal
DEAP_S02,deap_trial_03,2026-06-02 09:06:00+00:00,2026-06-02 09:06:30+00:00,6.9687237527818695,1.1358821876488465,3.741163200524429,10.66091426421761,6.973788153103007,1.5596756821125615,-4.2656183626166674e-05,49.85333908680414,0.19992984320107246,0.6889321639815915,0.14260255948443834,0.0,6.975615469298701,1.1860394972275392,3.626605704472405,10.421048091103476,7.004228249755489,1.6454416343582734,-0.00012039535753141021,50.06590086450308,0.17168343093757402,0.7482903604189344,0.1555156834516127,0.0,7.019071536899613,1.1726995915919165,3.073577522378135,10.637339695445139,7.063460983548442,1.7019803369154065,-4.052273462598291e-05,50.64258957223414,0.1889035088518607,0.7524677153636012,0.15448951130520824,0.0,6.972273063913735,1.1333354017449802,3.368988446763189,9.840186044273832,6.985109247922139,1.648012389088274,-5.001842482670951e-05,49.897040810625484,0.16955894662178622,0.7315767100673108,0.1400144481375482,0.0,7.010163299470245,1.1705374758774787,2.9037707115109703,10.6428063554889,6.998075473870519,1.6175559264412955,8.124235349986694e-05,50.51254746767317,0.17629983279966555,0.7698618916213903,0.16201331659032414,0.0,7.02214418344249,1.105921223409736,4.073860459239118,10.431559886209481,6.995571039158306,1.508085064335317,-1.784013786749939e-05,50.533570685443266,0.15655215639087577,0.6528269741269125,0.1610691914561375,0.0,6.962333406571665,1.0756894483440547,3.9243216650952446,9.838649452397327,6.942445514575157,1.4875187843027096,-8.114664682715772e-06,49.631194253542546,0.17612892766001198,0.6189256935001807,0.13845477563763472,0.0,6.987085847160361,1.1321441917295452,3.480452261700665,10.311974074462492,6.985879651829191,1.5177210131533752,4.612329950931686e-05,50.10111910645557,0.21796140453095603,0.7053834666971238,0.13895646051144764,0.0,0.9970494175787441,0.08010317106114807,0.7131164548841894,1.2636653855273035,0.9992332939576303,0.11164429327960512,1.5033020581344376e-06,1.0005240591081646,0.39902913991205163,0.08047570548117436,0.11388377951903356,0.6510171558994489,0.3976095462092556,0.1067876410160421,3.457123822955014e-07,0.16570059367164441,0.04039761011507323,0.20638506458924255,-0.4021413838527245,0.3857718497427648,0.0775300783109995,0.37802397894446227,-0.00012069413818563918,0.044226761788515284,32.99970632395098,0.04987981713939971,32.8442068685058,33.19942617198856,32.99970610028148,0.06821152717001411,-3.272046652525273e-06,1088.9831054631684,low_arousal
DEAP_S02,deap_trial_04,2026-06-02 09:08:00+00:00,2026-06-02 09:08:30+00:00,7.00634969844084,1.6885882784572182,2.6208889672975033,12.030860885248035,6.996130887838081,2.1318072439432667,-1.4301373355757839e-05,51.94026647098516,0.1622663097100168,0.6709664342249446,1.80161658446028,0.0,7.026367687918142,1.702902679834559,2.8993988029276583,11.091065765333305,7.005118551114451,2.775628090227384,3.601955544005514e-05,52.269720422807865,0.17265680104722064,0.722203473371784,1.7319790327092226,0.0,6.992892685220724,1.7610743289255715,1.4133230967055725,12.210943700800325,7.067167542672797,2.283032102197355,4.269939607047556e-05,52.00193089901416,0.17734125463939848,0.7223961933465705,1.893801480031144,0.0,6.972351920258787,1.7162701531803268,2.679446249637813,11.12224299375741,6.951674314134998,2.580465114012668,-5.0773068493082215e-05,51.55927453863402,0.19844410210556568,0.6984606866948603,1.7878271285794192,0.0,6.980790599529503,1.760432248554046,2.2537806208744797,11.702002569781232,7.022630542178399,2.6648827907544392,0.00020464965887897,51.83055909622855,0.2317769066374163,0.7122752060679465,1.8240201151908233,0.0,6.9746930199234125,1.7603707226326557,2.46176739471978,11.06251569259387,6.9051932465979515,2.7304644691843523,-0.0001409685022337951,51.74524780327059,0.15503295244856924,0.7493086055350952,1.9037183714866073,0.0,6.938975802277053,1.735115613211754,1.9112600315884092,11.909705106354682,6.873733423907407,2.148942500166248,-0.00020947854472658212,51.16001137579767,0.207329314945584,0.7279057346524641,1.8545052590823832,0.0,7.002411970442421,1.676535053613339,2.4859006996111543,10.82451015900678,6.986918104889719,2.641351293029113,9.225624100289279e-05,51.8445431897896,0.19078003264149895,0.7021993208144304,1.644079402959302,0.0,1.799841979047417,0.0784896032153481,1.555589564643618,2.012880637762599,1.8016271085606639,0.11005715565672114,4.56940601270558e-06,3.2455917673542256,0.8024592238679661,0.07947186887492924,0.4995878807669297,1.059570141391767,0.7997974981016742,0.10580967198173996,-1.7034305961650116e-05,0.6502565839132524,0.24619442969315605,0.2086428455879016,-0.21234600664422654,0.6034902421861197,0.2768887499943453,0.3874013050871491,-0.00012344277383388627,0.10414353422695531,33.20248658521561,0.04987021008914847,33.03106000970073,33.365412936492966,33.20234396677547,0.0662092546815245,-2.15617684245573e-06,1102.4076024792769,high_arousal
DEAP_S02,deap_trial_05,2026-06-02 09:10:00+00:00,2026-06-02 09:10:30+00:00,7.022705014535332,1.1230905687187491,3.482489013162103,10.621329193311212,7.002185408347328,1.5875251515189506,0.00013256528479599082,50.57971814672469,0.14964081819151803,0.7297856053616837,0.13162168725745602,0.0,7.022516203201631,1.1521517097469223,3.3145960044658986,10.406983591406975,7.016437431028374,1.6003898202776137,-3.9833284995773444e-05,50.643187386502206,0.14954998001787742,0.790624274708687,0.1301511184683108,0.0,7.029682130299006,1.1205531390645067,3.282405671378789,10.14513585657637,7.067606938588896,1.6252939128156179,2.3384975266770596e-05,50.672070190512486,0.201843973360611,0.657714472368653,0.1552514860473834,0.0,6.998872368956258,1.1228424172407914,2.769062690749488,9.922402544958207,6.953710279981001,1.599747805371985,-6.176109764710122e-06,50.24498953089452,0.1456114256343219,0.6604249727876687,0.15345429472559488,0.0,7.005070621187655,1.1627443028058186,3.9110612078840785,10.47297164552632,7.013920079214282,1.632600547891994,-1.2670199901086121e-05,50.422988721533784,0.17403970427034549,0.7701007198800405,0.14195985531217303,0.0,6.971408680810395,1.1512869487998725,3.3902403718525944,11.144931134859332,6.943266276039045,1.6823426228380223,-6.0602164651175866e-05,49.92600063335544,0.18221660596791173,0.7424966391311857,0.13202574603836364,0.0,6.9430072336094115,1.158430111912211,3.281109892968939,10.373510687311349,6.92985222562481,1.5447966428926136,-3.779677450739702e-05,49.54730977013754,0.19761932934843487,0.8080116598023276,0.14607449748273726,0.0,7.025938816732776,1.1328383162014815,3.4779153750260487,10.677099047971131,7.039335062522771,1.52583202391844,8.484778156145903e-05,50.64713890712657,0.18728304892939934,0.7121615487533504,0.13120996976188887,0.0,1.0011327168972988,0.08025323822149447,0.7588389431465238,1.2562714681634077,1.00029001105532,0.10638632335824316,6.286061256818996e-06,1.008707299087203,0.39934498221421083,0.07800092756271339,0.09449615811689921,0.7154270675984884,0.39793768133690743,0.10361419985577919,-3.5935677615765347e-06,0.165560559520312,0.04224557442566675,0.20702103554452786,-0.36727532901180715,0.41934104020061114,0.07736664425297554,0.3754257785957553,-0.00012462201986136975,0.04464239771648322,32.99692067722396,0.04799206953434984,32.84424148017634,33.1307162488855,32.99583514288011,0.06421467698941541,-8.13320917202997e-07,1088.799077417748,low_arousal
DEAP_S03,deap_trial_00,2026-06-03 09:00:00+00:00,2026-06-03 09:00:30+00:00,6.978398700379318,1.1733922022870396,3.8285262728177147,10.618557276854776,6.959040040526126,1.5896777362146448,7.30971344521322e-06,50.07489768184381,0.1769999918568766,0.7641762104486092,0.16279073325078994,0.0,6.973772176565393,1.1777792922196486,3.2516721130808244,10.499161487214467,7.014068863246948,1.6661881884984782,0.00014080955246639215,50.02066243181903,0.1787536891809967,0.7799407746898468,0.15915084962608306,0.0,6.968335554447828,1.1843074687904878,2.750241894754571,10.226283164822878,6.963033882850384,1.597759449499124,5.7901402617407404e-05,49.96028458001464,0.19654355747525337,0.7789865374643874,0.13531516961757803,0.0,7.024420710149623,1.157853298651038,3.479910501131338,10.92685316105749,7.049836171130835,1.5683614780980975,-0.00024094712645664567,50.68311057437601,0.15973695890910422,0.7816422607560137,0.14751292594983806,0.0,6.999045561459934,1.1612262680842054,3.430156486600883,10.424159114827365,7.041743954244524,1.6190319762389658,2.7022089037341065e-05,50.33508521708077,0.18808115182187893,0.7736688818239277,0.13642066469605277,0.0,7.053106109300397,1.1487560121165419,3.5709369173849894,10.72513777230331,7.0833837296369015,1.571594306575001,0.00012208163246852296,51.06594616442447,0.16523143684367317,0.7455777417507632,0.1338030302833907,0.0,7.012028105030854,1.152927904258656,3.410521797315964,10.25267007753845,6.989965527326651,1.5804647627716903,6.6406288206570345e-06,50.49778089816085,0.16205951908254929,0.7385941950784543,0.1394073184297236,0.0,6.980158452522036,1.1189283662747025,2.9827268508637057,11.059452887165945,6.996048232722309,1.6857674176103243,9.630261384010533e-05,49.974612711168994,0.15335614672286244,0.7192287537780145,0.12286035988591015,0.0,0.9977944404737311,0.07856595398860972,0.7379762482022586,1.304654284568924,0.9946059399479354,0.11153971327999213,4.284074508747643e-06,1.0017663545664264,0.4009763036429836,0.07963433482155872,0.10977147676748128,0.6368524387167828,0.39989608897317125,0.10659295264572893,6.641857934723762e-06,0.16712362336566233,0.04392093786564701,0.20788653544798136,-0.41604723765567553,0.3913880267708191,0.08012162883183266,0.38809590054985615,-0.00012122962450899557,0.04514586040356283,33.00043679519696,0.052047384803374584,32.81772569144321,33.152576952090776,33.00183942345171,0.07495761915980381,-3.660395278744665e-06,1089.0315376040546,low_arousal
DEAP_S03,deap_trial_01,2026-06-03 09:02:00+00:00,2026-06-03 09:02:30+00:00,6.973518020346641,1.7166880261279118,2.0863090993765874,12.036925153553682,6.8580129703507495,2.188183204351322,8.62248008345329e-05,51.57697135915028,0.16199856475960683,0.7957314787455596,1.7707343923073586,0.0,6.961133373215763,1.7144246889314303,2.746245668758616,11.586497036306415,6.987376961514004,2.7140438429647116,0.00015339139381188966,51.39662985371591,0.19204145907942516,0.7413819146738863,1.739744804308084,0.0,6.970894080499894,1.6914435426744558,1.143251017571592,11.408836169253492,7.051967759909353,2.371359969384411,-4.330215113168354e-05,51.45434553960358,0.1839164671104195,0.7383149906432462,1.6933446597429682,0.0,6.995291242055054,1.6767028980844374,2.0318940467405886,12.869905385495969,7.03035791580699,2.4342237576071657,-0.00010629810163729365,51.7454321696169,0.19172742751065616,0.6562243132686633,1.7352158842553713,0.0,7.037542845150047,1.7098740814373228,3.022604464554903,11.831026621109338,6.97905330586253,2.7810638702587376,-0.00015000121534278655,52.45067867169375,0.19859698749901294,0.6646848748070326,1.7492707348944156,0.0,7.019764308426515,1.7427783461956092,2.6799030775916486,11.640134686700998,7.002424603594724,2.6561452698617494,3.783870841875744e-05,52.31436730982709,0.17882126559466938,0.7089544848792113,1.9182106160548926,0.0,7.009586007943028,1.7297870236532926,2.4316980427631196,11.832310602816694,6.998178493689732,2.179130877142903,-0.00016993599207149962,52.12645914994999,0.17709015637090925,0.7947230469824652,1.8194289904840377,0.0,7.038848854737722,1.7106176505740438,3.009936817913688,11.237721829702808,7.008144980636558,2.6954146493481987,-3.658329378464157e-05,52.471605946298006,0.17692356241591783,0.6826112357197648,1.7708307569311836,0.0,1.7991780680917249,0.07928568066171746,1.5491824048396776,2.1119527573216694,1.8038207097739902,0.10134509612775622,-6.061471165226329e-06,3.243327939860264,0.8027058620533806,0.0799762847589515,0.4705551878174483,1.073739815630153,0.8039146737151717,0.1046199408324221,-8.065166068703465e-06,0.6507329070987056,0.24275775350781797,0.20719512471293902,-0.2038527387580557,0.5952444380828279,0.27608263676248324,0.3828020028271513,-0.00011880707880772765,0.10186114659297285,33.20169018435182,0.050278560659169254,33.06313175758425,33.36551004527626,33.201270952819186,0.0713669686589995,1.0666019816891545e-05,1102.354759031346,high_arousal
DEAP_S03,deap_trial_02,2026-06-03 09:04:00+00:00,2026-06-03 09:04:30+00:00,6.992076014511554,1.1683306781078717,3.6413667541087418,10.73089677521583,6.992837489263154,1.629661069079103,-0.0001726663925564133,50.25412356611578,0.17125920337304512,0.8064978009251963,0.13881343710849106,0.0,6.988695660104538,1.1603254396841292,3.7356684151218333,10.378953914460917,6.975640817750696,1.6212766617603958,2.068879841009181e-05,50.18822215554217,0.15005910191139407,0.7586667861914616,0.15706661545071712,0.0,7.0083620623470635,1.181176005164661,3.3217854703902496,10.512100727816723,6.9766512445049464,1.6277304316670298,6.85547882394452e-05,50.51231555212233,0.1773472673142191,0.7729225780463806,0.16596045357690611,0.0,7.021295721729301,1.1633896904763268,3.2239246615288804,10.411079662721749,7.021937095236714,1.5563880484091719,-0.00010259020217094309,50.65206918388078,0.20225305600146565,0.8278929664835789,0.13171079445763484,0.0,7.020272204544485,1.1191538355517276,3.0691148828592314,10.248195555027955,7.0143321988439435,1.6019962703231068,-1.4039315728777528e-05,50.53672713353002,0.1837925698242146,0.6879116058271426,0.12217707488490037,0.0,7.019153795522329,1.1420356334773445,3.4138005592497964,10.232227654900067,7.022712088859005,1.5505032322130754,-1.775651105566893e-05,50.572765393327515,0.1845745173534689,0.7185076789215543,0.13522180218748422,0.0,6.989974170168108,1.1203247217675252,3.495176718086003,10.457614139066514,6.999984675827042,1.5557018488518741,-0.00016410333299228237,50.11486638182082,0.18248583786336672,0.6838961369830289,0.15371768155788162,0.0,6.962343227062862,1.1168691592295306,3.64760606553607,10.262723272293899,6.942262951096135,1.5104902534930593,7.804560096407777e-05,49.72161993026619,0.17632461066620309,0.7184557655491544,0.1518224861732834,0.0,1.0043503699354173,0.07693958152596485,0.7835603956852755,1.2464460487030662,1.0031658970041852,0.10564173040842861,-1.1983232333315561e-06,1.0146393647948002,0.40179480227552666,0.08008982485433781,0.18138778413463608,0.6966106201325759,0.3991795154133622,0.10768055494881701,1.5124970204789208e-05,0.16785344318082812,0.0429355782936985,0.20889659990267395,-0.3820779300892497,0.4062188762634728,0.07750358319426762,0.3864884615242442,-0.0001275707775900063,0.045481253334312154,32.99737827167158,0.050654600941497326,32.856017830980115,33.183305801756894,32.996093417044094,0.06503298200482277,5.033039197400131e-06,1088.8295386923803,low_arousal
DEAP_S03,deap_trial_03,2026-06-03 09:06:00+00:00,2026-06-03 09:06:30+00:00,6.969711533420463,1.697627081091459,1.5679322012022046,12.03371568328626,6.991729000393331,2.2213816328848246,0.00016089232054418632,51.45881656554933,0.18035876795563444,0.7057191809231103,1.7162328407837522,0.0,6.986002719837533,1.7530049368085157,2.431910762576682,11.358758877361359,7.043326260547531,2.9007053982933506,0.00010624706808435041,51.87726031005243,0.16273748712385727,0.7409302587521664,1.8990832259488524,0.0,6.952028730178809,1.7273022241234024,2.3209031827002766,11.340084609438973,6.977849007446096,2.3583073851647374,-0.00015635362913415845,51.31427643869324,0.18099682593024907,0.8051296321900459,1.74734270960724,0.0,7.011031249930157,1.6396172598775067,2.5358709637477364,11.540772516052671,6.980702972583843,2.285607683583909,-0.00013360063984668358,51.84290394638544,0.18029423088248392,0.7092217660969188,1.5358579080545505,0.0,7.033036672249733,1.679991779323032,2.573251406274273,11.465871674690137,6.954942281884655,2.639371532951995,5.8918223758245325e-05,52.28597721180257,0.1976743523340957,0.655621034266916,1.7348544810361406,0.0,6.995593244113768,1.7296854047321173,2.3895743226907324,12.194551562152533,6.917194967268374,2.722358684738021,0.00010432910720027887,51.93013643643351,0.17930615203193984,0.7476729282686724,1.7825042061975755,0.0,6.97654019829367,1.728171060040054,1.8067647621847147,11.881203829240008,6.9694280513868,2.218266031414574,-0.000176553895594529,51.65868835116745,0.2213777440989233,0.6946694412121244,1.757441027571541,0.0,6.9769893716707845,1.7366836183532492,2.973326892110777,11.929738634494994,6.872481138325576,2.742557633797105,-6.985525677332844e-05,51.69445068266362,0.202210225847692,0.7559107771507518,1.8105695562350406,0.0,1.7992403092527387,0.07818848739443982,1.5443279414464492,2.037322077434289,1.8008314087527757,0.1080195814037066,3.2153299732423295e-06,3.2433791300009203,0.8046387083347614,0.08138424997858576,0.5165090149099021,1.1160914676854727,0.8057997701947137,0.10762187361387099,4.591328351324289e-06,0.6540668470952101,0.24315691037926676,0.207268446041607,-0.16908036500499107,0.6532353603552801,0.2816244873267192,0.38518163755658213,-0.00012655886776808252,0.10208549178969333,33.19859450286485,0.05125572144909648,33.03070836740831,33.44522684729714,33.19777558230925,0.06873267893771384,-5.443090694035777e-06,1102.1493041146298,high_arousal
DEAP_S03,deap_trial_04,2026-06-03 09:08:00+00:00,2026-06-03 09:08:30+00:00,7.0037116426135135,1.1856643963354236,3.671577418189589,10.028935173015956,6.961847095937422,1.6834179863102694,-6.159425675223312e-05,50.45777683361753,0.1886548934591033,0.8379109929231074,0.13399468919952648,0.0,7.024975105951946,1.1562068171953248,2.8979983587601263,10.238438234828617,7.041787603696077,1.602519744900726,-0.00021494230854145918,50.687089443373495,0.1764512088650691,0.7441920099549125,0.1430008535078831,0.0,7.011035200999587,1.113154608335312,3.5474463844739024,10.587248085746548,7.002589902567971,1.4490619114302223,1.0128898649791808e-05,50.39372777171346,0.1601643181200419,0.7122760947741612,0.12842127918509225,0.0,7.031738676819221,1.1384964492189387,3.4634779150949377,10.071913872378525,7.085105257742461,1.5523922004011128,-7.135630868173783e-05,50.74152298395947,0.17245755488197875,0.7094353711620529,0.15769751384157765,0.0,6.95257379991791,1.1176610142458847,2.909394126072368,10.083702756771324,6.957001683532563,1.5231354772712402,-5.5260296821932196e-05,49.5874485860701,0.15895951212898668,0.6813488765542945,0.14624062054953982,0.0,7.010588813322363,1.112629219284911,3.8752704500011013,10.645553240212362,6.988168485871173,1.5444469180903866,0.00010682392469967254,50.38629928908722,0.15724709307924883,0.7239578722742179,0.11730904272054693,0.0,7.014276594311572,1.0924076596484023,3.812754660500334,11.583456595997816,7.003297664363278,1.4797019030782455,-4.491997501058745e-05,50.39343063636566,0.15362571958329735,0.6634143111013969,0.1211434433822389,0.0,7.020767622015662,1.1726074232035295,3.248936521919263,10.80571819070597,7.018092034457203,1.670341989858433,-0.00021781380867225855,50.66618617129548,0.14844644246896235,0.772056124102874,0.16571615149615723,0.0,1.0040524102067185,0.07928438320983519,0.6849980425599869,1.2761517166331087,1.0059597144352777,0.10490181935297804,-1.3829643552202598e-05,1.0144072558628845,0.3999932176312909,0.07759680557260228,0.18147908975319996,0.642566116819896,0.39795604771111825,0.10448047902335661,-4.276822791506191e-06,0.16601583838610554,0.041078064405887384,0.20813801309092297,-0.40119560777468893,0.4044267656156063,0.07033409114423053,0.38425639945784795,-0.00011573083617964121,0.04500883986877145,33.0000722657852,0.051390340725201655,32.81952294084931,33.151109083958715,33.00205915040162,0.0721412458121975,4.280339887136938e-06,1089.0074105141655,low_arousal
DEAP_S03,deap_trial_05,2026-06-03 09:10:00+00:00,2026-06-03 09:10:30+00:00,6.925436191421934,1.7192433723239278,1.9620580303451045,11.732551813420502,6.959825220476574,2.2433023205416456,-0.00011916816237312093,50.91746421473649,0.18025798373790708,0.766889950090454,1.7970739713338812,0.0,6.976200711322906,1.6999485100407246,2.5278410630691925,11.583058084292043,6.9392897252314985,2.671126329351461,-0.00018829367372634188,51.557201301451904,0.18081380152127932,0.7374658813426728,1.677239522826532,0.0,6.996065053345664,1.7543458432590915,1.8485562620587812,11.463953707926429,6.988864661707742,2.308520939095965,-6.271387757671642e-05,52.022655568404936,0.16629700420398935,0.7393929194725343,1.8841071322436553,0.0,6.998418849636186,1.7337542958531522,2.471391290481016,11.922190825103097,7.021961141061835,2.4648713227246812,-7.318463400528535e-05,51.98377035333236,0.1639182162580213,0.8048576151431729,1.7916756587829232,0.0,7.0198056366934285,1.723658848529482,2.6107393937418637,11.041584460167039,7.038552348676231,2.7759249616483306,-1.086523265359494e-05,52.24867100306681,0.16591073524790367,0.6985364269371457,1.8546949639477335,0.0,6.965779852134678,1.700987735053785,2.364690997563549,11.771615385105335,6.941937185081693,2.616714785271167,-3.572462522713659e-05,51.41544822320883,0.16630005050826288,0.7731464856890228,1.7419747259138203,0.0,7.009126671435951,1.7052824466923264,2.1367884587359325,11.953274993655766,6.997378477237692,2.2085970767973064,-3.746983276251971e-05,52.03584491923179,0.1722928458833673,0.74534323976803,1.766982916897938,0.0,6.977113041802099,1.7212619651040941,2.8549661706849774,11.530266231155425,6.96027401158209,2.7150853330121407,-0.00012401686953537297,51.64284915059894,0.17140890673436945,0.7317524184767751,1.7768120854781901,0.0,1.7998529797474536,0.08110931757977045,1.5326185477691798,2.048330812109488,1.8025749117087413,0.11637186813337363,-6.720306636836961e-06,3.2460494701040434,0.7963069610861673,0.07791058303928032,0.5224822492487298,1.053889198623437,0.7928238951833613,0.10242175224066075,-1.172955542330463e-05,0.6401748352238072,0.24299721618234063,0.2064939329999434,-0.18214144953044556,0.5840561275855148,0.2770286084343822,0.3790571022337873,-0.0001276418473837425,0.10168739143815228,33.20026322045358,0.04832759046658636,33.05109768737797,33.34285455693006,33.20186176902423,0.0641269740852266,-4.089506600587264e-06,1102.2598134634027,high_arousal
DEAP_S04,deap_trial_00,2026-06-04 09:00:00+00:00,2026-06-04 09:00:30+00:00,6.968718717420845,1.6963161301337002,1.6699766111671046,11.777430608246043,6.935300012219202,2.142221955965492,-0.00025599863339772024,51.44052897588342,0.14100632300264873,0.8447183326575799,1.6797733387496787,0.0,7.004106719229825,1.7361825869884973,3.054023308313203,11.158448364663064,7.022871950491991,2.7582507181890508,3.875024307806479e-05,52.071840909722475,0.16352033118023662,0.7387503308959661,1.8239252073560943,0.0,7.018380308600149,1.645745383201047,2.315826451984993,12.283562759664882,7.060577931954356,2.2711054684020846,-7.88456569867451e-05,51.96614002247388,0.19416707274865216,0.6850846313491963,1.5961905267627905,0.0,6.943664395044926,1.7540924548974968,1.5134181392856663,11.830561035489243,6.918322825997015,2.591032361998524,1.0265830131825494e-05,51.29131557134294,0.18536445679494384,0.8485942639418993,1.6876049520961418,0.0,7.014623787033262,1.775074083012943,2.687434628066979,11.612063694682211,7.007383694208106,2.794048054304076,-7.133157597585598e-06,52.355834873797114,0.21447343001697797,0.7884497788912301,1.965332626996847,0.0,6.99427172343072,1.7081972242835284,2.81118868826102,10.81449800992539,6.953369536095651,2.7190070170799316,0.0002046487882609705,51.837774698232494,0.18165145223998555,0.6930275631891376,1.7744543506409858,0.0,6.950408048284899,1.6999171145176255,1.8001206111303194,11.52095717857697,6.957237843578092,2.1177926347753155,-6.490233943962803e-05,51.197890233893425,0.1882252540165616,0.7217955654056876,1.7153119025493813,0.0,7.0061232296025695,1.769255336419214,2.7744601757011353,11.505111282750958,7.030589470039494,2.8498976339690536,6.510932726364182e-05,52.21602715382461,0.1819694479362475,0.8021765557031945,1.89806543995966,0.0,1.8050314770542049,0.08159628540606158,1.5386787900540666,2.068343352219486,1.8051065300670095,0.1060762262927768,-6.1292826736665404e-06,3.2647965869485533,0.801399777673547,0.07980468063618833,0.5513666531460589,1.1097799286156793,0.8010300314038988,0.10639422037339774,1.9172924223203933e-06,0.6486103907066547,0.24360351159018848,0.20993224950468523,-0.19098101729735023,0.6033866510826433,0.27364530181114277,0.38781578045667453,-0.00012924706274237329,0.10341422024116849,33.202049005394684,0.04979229651726248,32.99324236903766,33.326002985199445,33.203064496358586,0.06484045372423708,-2.5021830586730207e-06,1102.3785374294225,high_arousal
DEAP_S04,deap_trial_01,2026-06-04 09:02:00+00:00,2026-06-04 09:02:30+00:00,7.025682161881476,1.1171732937316068,4.023594306374125,10.554549761345903,7.00710346952275,1.538625789670773,1.6575394321736104e-05,50.60828600800671,0.16612939830792225,0.6475134738834758,0.1759042837289629,0.0,6.959212677422765,1.1621014801585232,3.5359757490838124,10.698251202031237,6.977695591701897,1.6010243144941239,-0.00016363714890479621,49.781120939788345,0.14735966754654886,0.7658086417628944,0.1598909356722786,0.0,6.998782678983862,1.1371668081583703,3.3748817626302827,10.145935307564983,7.019885171687932,1.5703215123452896,1.3545121701956403e-05,50.27610733722163,0.16923266975872225,0.7303926794553955,0.15350174967524507,0.0,6.979202884468697,1.1762291241338527,3.22149731873391,10.389414231766313,6.996870842688967,1.6348745331951147,-6.886915815696529e-05,50.09278785503688,0.165809034498546,0.8154757263981439,0.15824460326285203,0.0,7.007424372407296,1.1796662897927883,3.3023673158140343,10.536567714425559,7.034237680936067,1.5941768861194925,-7.6258538767418705e-06,50.49560889028127,0.1707602835734985,0.8023095349892749,0.15796602737514343,0.0,6.997248270327017,1.1104517526761415,3.285451572801298,10.259605980757575,7.005522830585894,1.535180253360104,9.287591613281179e-05,50.194586451615926,0.1792656802685367,0.6896582574623404,0.13096684451797613,0.0,7.006593713233391,1.1352678301044878,3.857447137642178,10.479074600344767,6.9731581837988035,1.6590523347042998,-5.230404850938968e-06,50.38118850839183,0.1601818659906601,0.7504976194460827,0.13730546476582356,0.0,7.0073797559225515,1.1318250098574791,3.336276245114008,11.287794121281948,7.032751239407638,1.6355019737675418,-0.00016584786945333217,50.38439889665209,0.16611788834512675,0.6901057458722601,0.1548978311974531,0.0,0.9988654598599126,0.0799587138003471,0.7311033385320604,1.2232901704761516,1.0003552254546066,0.10952427419069466,-2.3879336440104777e-07,1.0041256028137604,0.3979013317721297,0.07780369983409155,0.14386940170363172,0.6368762897104174,0.39970791145690904,0.10404315654952173,7.117636085197503e-07,0.16437888553390792,0.04215068870458694,0.20565349705670613,-0.369423805168559,0.3766075086087049,0.07210023338433336,0.38134004100595487,-0.00011399925346457575,0.04407004140992362,32.99863965106566,0.05016934678371309,32.84883820110226,33.153037614759775,32.997977910285,0.06891770969437516,4.832857413041058e-06,1088.9127357842394,low_arousal
DEAP_S04,deap_trial_02,2026-06-04 09:04:00+00:00,2026-06-04 09:04:30+00:00,6.973288574287903,1.737303969062542,1.8015722304796369,11.276072351699327,6.9982717437726585,2.2436693207400182,6.28632705841451e-05,51.64497862121467,0.17857666720028254,0.7687732904221231,1.8106653372217436,0.0,7.0191365551492995,1.7142904578498315,2.9418377762470307,11.200367737444685,7.013307592658107,2.7955491247075432,0.0001306276613435719,52.20706975370815,0.18467077771171786,0.7001407489719633,1.79654454375057,0.0,7.023426682837376,1.7157639414091388,1.9782683619922365,11.908145101806511,6.977888525437381,2.358203495411173,0.00018482525995390764,52.27236827183184,0.18264321716380866,0.7538461266808906,1.7810625295075408,0.0,6.9852098383779495,1.6824370905659054,2.0925037636870725,11.761024075265595,7.008436119105796,2.4094956737007625,4.624902572396317e-05,51.62375104988397,0.17121019173190757,0.7056202467336495,1.7491537596141011,0.0,6.94670909748379,1.7472813858193479,2.8242474251040255,11.552411980197753,6.959006842335134,2.71805645158544,-9.482556325451439e-05,51.30975952629485,0.17653062058712288,0.7741626299909512,1.819146855072686,0.0,6.964182428786199,1.720912945630506,2.536205457357129,11.807097696549722,6.973113834774077,2.5531864320943107,-0.00010161997180136677,51.4613782678531,0.2027378174645531,0.7295885800107329,1.7395338306474393,0.0,6.964606866354325,1.7500244222038213,1.9568875170282118,11.690998802600731,6.964610919414803,2.198971907382546,-6.975282359252121e-05,51.56833428117962,0.17753432264184993,0.7518245878850675,1.87452075489151,0.0,7.03818011404924,1.6812388324474363,2.6859287272571386,11.063591026079443,7.087864773406864,2.621800204402576,-1.751192873376741e-05,52.3625433295274,0.17180154716135146,0.6614178517695488,1.7158136374301165,0.0,1.7998895074387269,0.08156618980911848,1.4943197621125077,2.0245366417912347,1.7998989057564247,0.10983619303600478,-1.5255126902161961e-05,3.2462552823079998,0.8015146784506011,0.08109336651978609,0.5640345261032121,1.0569233890958616,0.8018986874585907,0.10978801831816631,-9.531741122603702e-06,0.6490019138652828,0.24436285035482724,0.20533661552119092,-0.1726297427144819,0.6029264227625287,0.28261739334975844,0.37415734886964747,-0.00012274018310710368,0.10187632830723307,33.198902029916255,0.04932653523054545,33.013758553248884,33.338240907941966,33.20077940797276,0.06733536311713806,-3.883615376838883e-06,1102.1695290990554,high_arousal
DEAP_S04,deap_trial_03,2026-06-04 09:06:00+00:00,2026-06-04 09:06:30+00:00,7.004111628178231,1.1150096032772223,3.7448753921698237,10.750557764259295,7.021109823964103,1.5642908693112156,-0.00015336381737972594,50.30082611538193,0.13915037207747333,0.674967854667992,0.18113041608185695,0.0,7.010740692047976,1.1633795613346032,3.3413987698057697,10.891340681150496,7.068450079920723,1.5731204990378345,-0.0002143773671785495,50.50393705486842,0.205802116206218,0.7117585772561316,0.15075987346565112,0.0,7.054317821061077,1.1787753269079335,3.863771445168911,10.694140427812009,7.047560960237902,1.6242389011259393,3.4820683766513796e-05,51.15291119186681,0.21400426733756694,0.7378181184408168,0.14895439970789937,0.0,7.003208224873347,1.1393338731650626,3.5659314080542477,10.937072813131108,6.994118365315051,1.5511404063030803,9.587635462113672e-05,50.343007115475,0.1894143293966695,0.735289197791596,0.14986040766127798,0.0,6.995374418413292,1.1387486707512486,3.824233430277928,10.798776609370742,6.998686597108472,1.5776258384768465,-9.034453125154494e-05,50.23201178892885,0.15962358511478889,0.7182120596906648,0.13427861792247225,0.0,6.987789333741932,1.1713650331319896,2.61402648056234,10.138825105835082,7.014268689866304,1.5767000278820476,5.8932285038852484e-05,50.201295813601824,0.19525523241573928,0.7509934674951796,0.14190644746304665,0.0,7.012702029894835,1.1190028812202686,3.1945687343832216,10.463913932082889,7.078132190887287,1.5591692404315136,8.118347262499849e-05,50.4301572082704,0.17150735482885146,0.6842657114272053,0.14455447260071536,0.0,6.975019488851145,1.1205856307180346,3.6496842853815528,10.620674722981413,6.933665377853253,1.5248433049979946,-0.00010957355530985996,49.90660902562503,0.15307185879902505,0.7291568906859798,0.13457512476307495,0.0,1.0010584853043443,0.07756933216101997,0.7536293285029518,1.253104234117982,1.0000908474681174,0.10155056255582084,-1.72902006525554e-05,1.008135092291735,0.399326767924065,0.07865666575836756,0.16247793014552905,0.6735854562704264,0.3971162854234631,0.10354484183242452,-1.8176630056898988e-05,0.1656487386489036,0.04176063765168469,0.2097846993819596,-0.3832176425347155,0.39360769094042924,0.0731566617863253,0.3829584312194617,-0.00011860423267235872,0.04575357095185446,33.00054451446424,0.05115178612925242,32.84790058017165,33.17115926501629,33.000408836379535,0.06878636880625066,3.182222679528595e-06,1089.03855475636,low_arousal
DEAP_S04,deap_trial_04,2026-06-04 09:08:00+00:00,2026-06-04 09:08:30+00:00,7.007703910149106,1.7060225982478983,2.1821436038468804,11.62383212460384,7.080536073739751,2.204033233699512,3.408775765264293e-05,52.01842719805158,0.18674435767566241,0.7078834876536123,1.742347298195964,0.0,7.002951150710142,1.7111885935011888,2.4214725016576306,11.614661216251836,6.93541324560961,2.7453686922583556,5.4880881760997534e-05,51.96949122176106,0.16452053842002545,0.6346673423564854,1.835928760416295,0.0,6.980843676259978,1.7044870707565039,2.086964021263219,11.6050918653403,7.006879816641483,2.3312687133204584,4.15663099923864e-05,51.637454606755,0.13983061273655106,0.6839658320396218,1.7977749428480958,0.0,6.991216785563813,1.7302576878102407,1.8965503925226672,11.947736618724715,6.980008791844401,2.386454583243924,-0.0003076847546594914,51.87090380897566,0.16380306528993566,0.7367005276304105,1.8088204293313392,0.0,7.013825980251553,1.6661100290893702,2.297964218547124,11.590204403002936,7.057096529391179,2.701735562989457,-7.203712337947374e-05,51.96967751028382,0.1855317962230642,0.6436021282705716,1.6597229400307942,0.0,7.0299849995874775,1.6971177016901025,2.656038791271114,11.633326506545092,6.995676418566899,2.646340893081648,0.00015839023466588764,52.300897587814845,0.19926027560670245,0.6982027617961065,1.754010962882923,0.0,7.016799020990672,1.7101867099996182,1.778287975801601,11.638803741496483,7.0445720569237835,2.23714411784679,4.9660809615745866e-05,52.160207084034965,0.17588202865217437,0.6438233242667424,1.9020602590611146,0.0,6.957739467393976,1.6970612453400205,2.7900476216490198,11.95109521553515,7.008360181523315,2.6721615514819623,0.00010594941045174422,51.29015536656684,0.1435435342066672,0.7481619632218165,1.7833266889375112,0.0,1.7960813752654294,0.08142188974633666,1.5373024117414982,2.0633629753047344,1.79543419533762,0.10939743906785315,1.2634708419302578e-05,3.232537830705221,0.7971044244954463,0.08104663707787704,0.5667768395780006,1.0475076576227917,0.793323166011946,0.11055416978900323,3.5335645708066125e-06,0.6419440209318495,0.24389376680116978,0.20522768356084795,-0.19964674407523522,0.6136419381998379,0.2769903907985789,0.38271101629554255,-0.00012019573982344767,0.1016025715842149,33.20135079940055,0.049888898990705914,33.04417950645434,33.360864566808395,33.20106393259344,0.06816575492233312,-1.5772724269251993e-06,1102.3321838070985,high_arousal
DEAP_S04,deap_trial_05,2026-06-04 09:10:00+00:00,2026-06-04 09:10:30+00:00,6.97521329737455,1.153309900515523,3.64451282266337,10.317101664000628,6.969233690456547,1.6014094173809124,8.58252076617493e-05,49.983724270497866,0.21021459001273474,0.7097850282722915,0.15412299450356137,0.0,7.001418921629875,1.1932398119171272,3.783702796326407,10.820282757575647,6.971524342684985,1.6522568580466244,0.0002369777854823615,50.443688164900855,0.16801080515311062,0.7788250754521887,0.15436332468946454,0.0,6.9897116053175665,1.1177018230341476,3.957912517058389,10.400132713479756,6.958245310336692,1.5778349920925487,-1.6738036845150284e-05,50.10532569072494,0.1668829688117702,0.7014026338608204,0.1452424233477384,0.0,7.003799236063786,1.1499427672704676,3.8664731006320365,10.145573856948868,7.02381117774969,1.586333018880934,0.00011700412542930013,50.37557210708534,0.1933409234934072,0.7037052441456467,0.15384817275649437,0.0,6.970297861830401,1.1366648735794098,3.069283633879712,10.242643585526348,6.946959023448077,1.5843639671866105,8.661762376059724e-05,49.87705931746676,0.18758466665640952,0.7045889590172763,0.13147682655003637,0.0,7.030328040898815,1.1530507856925631,3.605183551345989,10.811011873384954,7.012194205665358,1.6642290557426769,0.00016824095326642695,50.75503847703442,0.20751208369106405,0.7106712780655287,0.1603759025939931,0.0,7.045507304475793,1.1137757271206021,3.507157120434977,10.290177778512634,7.047026416287858,1.5244996999817264,-7.65366674161887e-05,50.87966954774478,0.18795281529967323,0.653318147173926,0.13025436509131574,0.0,7.001624846913523,1.1461555520181406,3.623665658486334,10.174539900392324,6.99358097327978,1.603340287632835,5.329076169762609e-06,50.3364230463388,0.14914034915127225,0.7752077035300329,0.15218043579443688,0.0,0.9987546766737303,0.0790152553545354,0.7557562224998525,1.2772974682791338,1.0001281626495575,0.10767675942811383,8.455259447744206e-06,1.00375431475639,0.4016864353740169,0.08041255528229656,0.08037328985914866,0.714154040731346,0.3993538047390146,0.10581777649946511,1.770986779314246e-05,0.1678181714105126,0.041080995370418885,0.20751423243190498,-0.37870334503991654,0.42089924409994534,0.0741427624841511,0.3893897509190454,-0.00012243242433585214,0.04474980484242706,33.00206058353671,0.05120815288526683,32.832834169579485,33.15279230235994,33.00262894277327,0.07039663963533371,-2.447749796492981e-06,1089.138625034349,low_arousal
DEAP_S05,deap_trial_00,2026-06-05 09:00:00+00:00,2026-06-05 09:00:30+00:00,7.012977905197397,1.1571645278471263,3.5929476481570624,10.324204993085456,7.000613680788257,1.629518776354355,1.2590463455714557e-06,50.52088884329453,0.16198174776999147,0.7551434594439704,0.15551808831599942,0.0,7.019464637604221,1.1727976027809377,3.7808175292219395,10.874205353624104,7.006577569751968,1.5738678022166894,8.827557797628328e-05,50.648338015664876,0.1962438972766128,0.7742520082624987,0.1611624607561834,0.0,7.020623580538731,1.1480124924982742,3.8004693967267964,10.422517563749128,7.002091463833475,1.5831057482251714,2.926720662429164e-05,50.60708814254858,0.1783243906668904,0.7234016150388376,0.13703576412180726,0.0,7.0061033677200575,1.1459200869999635,3.7231912322966054,10.221431133841342,7.023404034053181,1.564203205988827,-0.00012858838806405163,50.39861724496833,0.1733537903316831,0.7201666628122023,0.16572886830990996,0.0,6.97407553523463,1.150158758041909,3.17533019619568,10.991249650138418,6.958587256611182,1.6619599432924321,0.00018743241496065624,49.960594739858685,0.17899441591603132,0.7469257522142095,0.16650312922067617,0.0,6.991897824593715,1.1516822415472043,3.583581943529474,11.219793275899915,7.000691672495799,1.536058563153886,0.0001481770279713827,50.213007175053505,0.1651336170688966,0.7116286771321461,0.16264458633907297,0.0,7.002404760807256,1.1133975879698852,3.719708747207652,10.388677092928901,7.000582679414501,1.5371087324164714,-5.734951469408912e-05,50.273326623073295,0.15715548216147027,0.7045853959681918,0.14527025396725227,0.0,6.9216200754796775,1.1073258416048615,3.0541391546661334,9.915064141853351,6.977286945189199,1.5650959917466993,0.00026878390536288094,49.13499498876921,0.17601321646657964,0.6753442810689604,0.15174260438482956,0.0,1.001225387113584,0.07970889508713967,0.7407831151440843,1.224383935858618,1.001718467764468,0.10468183654279462,4.215043038449165e-06,1.0088057837567586,0.3962424695217944,0.07822768610402436,0.10347843487488623,0.644625348309948,0.3972340161212469,0.10342233982886156,-3.485001412942202e-06,0.16312766552591992,0.04400053753523086,0.20924280887449528,-0.4264220143065951,0.39169153279371516,0.07683689029043511,0.38178795484812983,-0.0001341041586771165,0.04571860036907783,32.996959110056046,0.05049384932644069,32.85296628638709,33.14160564929053,32.99622394854548,0.07311348647500182,-1.1088995525452743e-05,1088.8018601395302,low_arousal
DEAP_S05,deap_trial_01,2026-06-05 09:02:00+00:00,2026-06-05 09:02:30+00:00,6.954666590861224,1.7303347263852442,2.288679432124258,11.62902833066817,6.942272561096543,2.222478594893256,0.00013230172569609746,51.36144565537599,0.1725823801873306,0.6664871867922314,1.8550410351964202,0.0,6.978764978181872,1.7643434267781364,2.8671762600114086,11.12352725418819,6.951134165157468,2.916831218119391,0.0001004023446071465,51.81606834831303,0.15716949652819134,0.7472044204875437,1.9351250455972908,0.0,6.992241502474254,1.7211351757747555,1.9306877337006143,11.667535994840202,7.042455113127144,2.3928052710807286,5.29340437155944e-05,51.853747522212615,0.17104492685244313,0.7193835707387997,1.8172542288258748,0.0,7.008974769873583,1.6951716220942117,1.5163573453536543,11.065242390070528,7.050811633025415,2.4204617390170027,0.0001355568302706082,51.99933415307797,0.18483917447939222,0.7445629472823108,1.6827401702245237,0.0,7.013793044268778,1.7131720280084128,2.474887936332891,11.245339497313099,7.07369411482989,2.673084429613981,3.553433916663367e-05,52.128251265383554,0.19042695532112058,0.7534552977303864,1.7491311087551322,0.0,7.063042747365989,1.6949278996653845,2.797550609386456,11.599101442970793,7.128641899790781,2.5440136556957,6.37138151128071e-05,52.75935343618342,0.15986490035893994,0.785990223590718,1.6181513722184364,0.0,6.977432301493519,1.7288896807334448,1.9128814470684783,11.782577660087313,6.985986598805581,2.202385239626781,0.00010396651095114759,51.67362105007173,0.20857034056767562,0.8193492853545101,1.6852982862276005,0.0,7.0255894929307345,1.7317731384501578,2.2858689905611134,11.229794753961297,6.958135012394543,2.722146364727573,6.720049501145935e-05,52.35794592623624,0.18391386342671648,0.7122229619849532,1.8141910450025682,0.0,1.8004867956839894,0.0788327592575608,1.575245282059699,2.054850730446636,1.8027397362064006,0.10201858397521435,9.59012378995272e-06,3.247967305364561,0.7955936896090186,0.08086955975579219,0.5721968186314238,1.0758882955216211,0.795859938443427,0.10553914096195449,-6.617692594788594e-06,0.639509204640787,0.24285374379758634,0.20665442127489667,-0.18592476407621794,0.6539533827798241,0.27241191764976636,0.38254809251645444,-0.0001265809860988659,0.10168399070896614,33.200088074063,0.04894881146797684,33.04590040886042,33.34670894664358,33.201886682376596,0.06503905559777223,1.6476159505733741e-06,1102.248244111684,high_arousal
DEAP_S05,deap_trial_02,2026-06-05 09:04:00+00:00,2026-06-05 09:04:30+00:00,7.018041953567264,1.129725582150615,3.590863611075974,10.565253891312786,7.0462847507873505,1.6724577057581742,-3.3149141373955853e-06,50.52919275299576,0.1483536708218473,0.7432722636777507,0.12749007842817878,0.0,6.997937121125089,1.1695206793363118,2.6778355339470092,10.272075430277141,7.028644382094392,1.6522627751685048,3.6501117355121946e-05,50.33890257061577,0.18246754154694098,0.7597902087445164,0.1534115022268702,0.0,7.0350603451074445,1.1128657102875583,3.8028302273203676,10.807222537460277,6.995758551913729,1.6072822124340123,4.103257418266916e-05,50.73054414843711,0.1501250659520727,0.6920734697741158,0.15505585581472126,0.0,6.964233967865446,1.1592051741020852,3.015300758158189,10.50642833051731,6.9864695314651435,1.602664038473339,1.9814677835148024e-05,49.84431139483594,0.24169827312460862,0.7074570194639604,0.13500159141600065,0.0,7.027778030052921,1.106336348453733,3.8102575519092636,10.29318024449758,7.027723639397658,1.482463405455949,-1.544600313862964e-05,50.613644155604455,0.16811975136357626,0.6699652361596221,0.14546655283838003,0.0,6.98805596889152,1.1388052280582204,4.097707361833767,10.373539896216467,7.072319592246339,1.6327027074981588,9.949000793156399e-05,50.129803571813135,0.18524618215829947,0.6941031304757522,0.13817034329900776,0.0,6.96910199382683,1.109909148411081,3.9248999088742034,10.073713500690456,7.002807200336947,1.5632533221865401,6.454323666031069e-05,49.800280918087715,0.1499547608365055,0.7238715438002357,0.13864385709602178,0.0,7.00583555056093,1.1474696699380649,3.8445522236556875,10.400178677053056,7.001722481560558,1.5819015318263396,4.8109397914860095e-05,50.39841840493115,0.17187272778511506,0.7552771263913494,0.1332396957306942,0.0,1.00572768331267,0.08089113608067185,0.7417439914684418,1.2476462877304941,1.0081577591509445,0.10227555587208892,-7.244984582271137e-06,1.018031548877892,0.400916321228494,0.08156848764937474,0.12239782012448869,0.6906247561629187,0.400393995172668,0.10806431063113081,4.213773448490384e-06,0.16738731480479524,0.03958841174156055,0.20647412458703068,-0.39397522316362826,0.4301121703139614,0.07111529077954172,0.37768767396320657,-0.00012331192588020887,0.0441988064682,33.00040924215526,0.05009814008328534,32.848388100778585,33.17524614287271,33.00192428513077,0.06938378380951349,-7.794430193871242e-06,1089.029519973366,low_arousal
DEAP_S05,deap_trial_03,2026-06-05 09:06:00+00:00,2026-06-05 09:06:30+00:00,7.0142899070921505,1.7417486129067121,1.9149520258914268,12.031174614604621,6.991461600757658,2.293628954938332,5.302071088031936e-05,52.23395113129725,0.1629443250763548,0.7448359015066887,1.8639683359418164,0.0,6.9703290890773895,1.7322912853817607,2.7278698098294836,11.769723884847123,7.032517502297161,2.6318732229712563,-2.7947152700026125e-06,51.586320707448024,0.18982903751695804,0.729975888592691,1.7517449619787748,0.0,6.966196807922577,1.7341262940255973,2.1383092498894176,11.892892358110153,6.986124761797884,2.3518877628794908,1.723560467071289e-05,51.53509197034167,0.15714370852945994,0.8381952236017433,1.756619587261638,0.0,7.000100304295683,1.68130154467745,1.6245660528059038,11.689143381057818,6.996591873287642,2.3568463596248765,0.00010267272258510042,51.82817915433529,0.1831352171596794,0.7012481811141946,1.643206185248311,0.0,7.026507661140839,1.7301369676799174,2.244993331106019,11.193880126065343,7.030128444295896,2.679428656589196,-0.00024058502390470726,52.36518383900354,0.15528173744626905,0.8128673649422772,1.7776780678604223,0.0,7.004928179365987,1.6851285189701013,2.0279507659208744,11.659492753856838,7.027523815337688,2.4677674180108795,-3.292756944492444e-07,51.908676923522066,0.22184167507925387,0.6788101864222784,1.6784953947061385,0.0,7.005949576091305,1.7102306730982861,1.5407852533533677,11.637780472282577,7.001455777259869,2.2111521057581554,6.703013437049975e-05,52.00821841794015,0.1667277354862965,0.8201708233492783,1.7327267674091615,0.0,7.017024229015373,1.7033496490338917,2.999813125470187,11.970063980609524,7.022449014469467,2.6485986000004145,1.3752262450842903e-05,52.140029057452665,0.18494031742046188,0.7572134392603316,1.7180420413754647,0.0,1.796489106093457,0.08149640231182612,1.5117133374360041,2.0510713752990806,1.793850180082802,0.10752750242157494,-1.9983501353893966e-05,3.2340147719022387,0.7977982901821012,0.07911659515210559,0.5558606314348715,1.0332888677726413,0.7972932120774616,0.10956152307514166,3.052790331217376e-06,0.6427415474459466,0.2409788224264111,0.20794957973193093,-0.1923260518582422,0.5968653736337909,0.270708396958661,0.3767759297829957,-0.00011235110747234852,0.10131382056870648,33.19851722916653,0.05077870825795873,33.02687321089912,33.37843264794222,33.197598952704965,0.06655146449225668,6.529890095297965e-07,1102.1441246924792,high_arousal
DEAP_S05,deap_trial_04,2026-06-05 09:08:00+00:00,2026-06-05 09:08:30+00:00,6.981741476203643,1.15409026386464,3.7264845687987593,9.882885446681735,7.001937785108989,1.5812246592062218,-3.209298923011367e-05,50.076638377689385,0.15816708602710913,0.782271064523233,0.13356161717899345,0.0,7.055610550619984,1.1280712039749627,3.2008070327504194,11.051158621386115,7.071709499073465,1.559347530847642,-1.9171373674181604e-05,51.054184883257555,0.15361960012684805,0.7193352901535713,0.15145587916382414,0.0,7.04568972966161,1.0924913389285973,3.775938180881849,10.172913393388649,7.061377369377601,1.5501413952034442,4.26082767532659e-05,50.835281092293094,0.18409404290822837,0.6188379507093874,0.1547063450535052,0.0,7.05006209269483,1.1230989665864353,3.781657207582038,10.481907870466834,7.062987514803506,1.5560460030521313,3.208903662754589e-05,50.96472679960013,0.1687461552661475,0.7452655301747688,0.12262384833532,0.0,7.030043933329565,1.1176984984817804,3.492990301204654,10.724166682903935,7.007679252585161,1.5294852324619894,8.928669333181182e-05,50.67076763805224,0.19422728772676615,0.6239144555268337,0.14435602111327622,0.0,7.0153248962188,1.1234224754300237,3.8799492303834535,10.308164604368107,7.019257877699593,1.5205108138895005,-7.773933898082581e-05,50.47686145780866,0.16493640501085324,0.7231027501154549,0.12729834457366537,0.0,6.968078491112749,1.1779039067135995,3.6629153916818824,10.876262990170714,7.001824099772174,1.6654763646823403,5.442067161266997e-05,49.94157547175928,0.23529243532551475,0.752796038660495,0.1550704649278,0.0,6.993583231869697,1.1553857982674882,3.6122745069285416,11.10100758292591,6.924613723004606,1.5607633240512486,-3.35487651089078e-05,50.2451227639272,0.199322022172772,0.7758690931954745,0.14393132975907205,0.0,1.00176087401424,0.08001348731247729,0.7517270456555302,1.240763737820412,1.0005670693136508,0.1084102253114837,2.600114597307048e-06,1.0099270068576778,0.3997937672097437,0.07914032819033508,0.1520346466099104,0.6676006361363276,0.3999344565644225,0.1091943113758016,7.570919825430444e-06,0.1660982478458327,0.042870224591240444,0.2079454212788202,-0.3856461075368579,0.40693343032208007,0.07732494831174422,0.3809269223741475,-0.00012033198731443988,0.04507915438732941,33.002654649505295,0.05026543037768083,32.82292599333743,33.16152921950937,33.00370941283292,0.06819810042478025,2.1851528122441507e-06,1089.1777405280043,low_arousal
DEAP_S05,deap_trial_05,2026-06-05 09:10:00+00:00,2026-06-05 09:10:30+00:00,7.006803850271294,1.7021088686557138,2.0320024628173754,11.76839449680774,7.039045625033925,2.2133627976671386,-0.00014593773309395065,51.99247479693305,0.20456666932575246,0.6561308828842353,1.7664479761073892,0.0,6.9762902261669435,1.7016157231149038,2.060052311676485,10.971837944681287,7.068388495140301,2.7427237608235107,8.36535423351177e-05,51.56412138886428,0.18517724798111393,0.6827110727063905,1.775522600920446,0.0,7.04635745834368,1.7142364737575946,2.350620693681807,11.573171975286,7.058950105613852,2.4123979466532255,8.373811487008202e-05,52.589760118716484,0.19638614777946464,0.6946336849106911,1.7623403857572644,0.0,6.9613302670182975,1.742351777229347,2.0712325876653144,11.670644944939315,6.9320261502088165,2.598519969246375,1.0470252239459794e-05,51.4959088021193,0.1824592680084412,0.7817950464515921,1.7751658684025098,0.0,6.979977149482939,1.7114984313541375,2.367729921263124,11.090592545266054,7.014661912453434,2.697279798555206,-0.0001675735972517829,51.649307887831654,0.17554931405778312,0.7386420358251584,1.7595194322703216,0.0,6.987400594953953,1.709323697595829,2.057208197233163,11.176371381757995,7.033786109954727,2.809829138338042,7.677433149645258e-05,51.74555457752554,0.1899296012591539,0.653253626977987,1.8577180341892658,0.0,7.018260500602346,1.7394982743143879,1.8360256463387237,12.261896852488878,7.042713717052234,2.1898089465276005,-0.0001706570754166501,52.28183470065782,0.18613999048697003,0.7062830657047445,1.8280272076399562,0.0,7.043828308264039,1.7414995927588648,2.027390395183967,11.094305844937383,7.161721450805903,2.785318222934821,5.629102488395566e-05,52.64833806788111,0.16621042577389242,0.7629544401273253,1.8301946500414317,0.0,1.801532496273389,0.08105221168385636,1.5431648551378543,2.0442277836534957,1.8024993471586652,0.10846897982417691,8.90852515553518e-08,3.2520887961478735,0.800821688848597,0.07896351353466705,0.5408875070019732,1.063333951062115,0.8010841475667818,0.10545543367928212,8.154342213054005e-06,0.6475506138000585,0.2449405829270013,0.21011762294373687,-0.19861297098251024,0.6420618950710381,0.2811921703718838,0.3833494869808856,-0.00012597441535788648,0.10414530463614557,33.200114883674495,0.050342920945677834,33.049845823004134,33.3426488821548,33.198701032912986,0.07107128321126766,5.363485480437623e-06,1102.250162698874,high_arousal
